channel_id,public_name,genre
UCvpHzqdDr1zvtaW8BaVegzw,oficialzodiacs,rock
UCYXCt3TYSfZHgxjXUVN8wTA,JXN,pop
UChOQUXRRV04p9nDJmfuX9pA,Navet,dance
UCHpttVC36T04Tt6CFTk04xg,chiodos,metal
UCnSR7_Oq-MdsZxfogsfk-Ug,Tommy Boy,urban
UCBbNLJYfHtvr0oL6KGTD5Jg,JamesBluntVideos,pop
UCTTLucQxeyeIVN2wvoq4VKA,Just Good Entertainment,pop
UC0YlhwQabxkHb2nfRTzsTTA,Galantis,dance
UCoGbSChtzhQ4r1toYPmeiSA,Hayley Williams,pop
UCQWrm870Bjve47na1kpRC8A,Libatiba Kinderlieder,pop
UCv7lvPHrCG7TbnzUMdyF_hw,Edyta Bartosiewicz,pop
UCa6SeA6ndz5qCDKe9i8Uz2w,Antonio Rico,urban
UClKo_3cywEwAUssQlgj4zTw,NeverTheStrangers,pop
UCEiMth-oNMR8W9l7eyXrnyg,kawakamidaisukeTV,pop
UCbZZxHNd2xuy6oJw3lM11sg,The Darcys,pop
UCtcCOffN9YQdP6ntldTrsjg,MudcrutchMusic,rock
UC8_4ZdprsI28CvLr_nbBDHw,Smolasty,urban
UC1qOCLTkxjoNo1zbcFCPG7g,XiuXiuForLife,rock
UCaJcr5F3KupZHec-5CGRV0A,White Reaper,rock
UCvqi_H233DRcm9t2axrIKnw,OPENSIDE,pop
UCY5y3Lg1fliZ5QDP6rvi2Mg,Adi Kowalski,pop
UC6aiCXg-0lUI19zJFrXpg6w,Alvaro Laguna,rock
UCbVdcdBeOBReaB_AoeOW2hg,Cukierki,dance
UCYVUwUWeq7G5ogRGCuHVmxg,Carminho,latin
UCTGvupQMw-IokKJ6U9zFgjQ,Shoreline Mafia,urban
UCRKBOPAbUEumhOJW9PlKAhw,Mallory Merk,rock
UCow6kMXkOlu6VY9uOE5lTxg,Lil James,urban
UCLkwcZLUexrl-BTvfwxyYjQ,Lyrics On Lock - Urban,urban
UCUQ3N8hKKJk_Wnbb2dsYUGg,Wally Lopez,dance
UCDKogJlTzFcRdMyYFb3KZjw,Vicky Shu,pop
UCnLCCQe68LpSPWIwm-Dx14w,Alcatrazz Official,rock
UCXs7VmyrfBHw44yduDJ0U7w,LEISURE,rock
UCUu3CLnqUmc_8kyYZAt6rDQ,wbrnashville,country
UCNKQVWHxLcKbyJG_-P3emBQ,towatei_channel,pop
UCON3o22TD7h3hX2spFvbOWQ,Fatal Bazooka Officiel,urban
UCme6zy7-Y6cnxKYh6HvLwbw,Mina Caputo,metal
UCDafekoVSt9sbipi9bFH_yg,CuckooLander,rock
UC0-vndvhkXZqTjjodl_LLTg,ZazaFournierOfficiel,pop
UCOQJrPbVvVZhfrXIxEDoGxg,Bananarama Videos,pop
UCNp7bm10YsCDp4RAyKQrDkg,Jerome Van Den Hole,urban
UCjYu10yhatNOnpNF-02pO0Q,Norah Benatia,urban
UCj2B7n23OCnEhcUkPwUAsJA,weashumantv,rock
UCGDeDXhtQAE_KEh8B5MtjFw,Warner Music Colombia,latin
UCgT-HrM0_H2LHdo34o-TdRA,Walls,pop
UCE3-qhE90QcI2nrLskjIojQ,Michael Calfan,dance
UCC1wcYyx5vHHVuCFE1sYazA,Nyno Vargas,urban
UCORbV-zQhekaheFvcrDcBgg,Mixtapes,rock
UCxx57zbY9EMeKPPpBJ1Bt5A,ToutVaBien,pop
UC5zs1W8-iIni1LR47i5vXcA,attheskylinestv,rock
UCBQppeNrqfWkgsGGK--raJw,Thom Artway,pop
UCEFNzT2RoVqGkV4e3Osyx4A,piso21music,pop
UCcZsAfdEfN1UwMtoyNMTORw,Kaia Lana,pop
UCPEDmjFev-7xXuV1vTAE7Pw,LiigaMusicOy,urban
UC6ISn5wC5Zt_rgzsCX81wVw,Pacific,latin
UCdNmSqBXH6xFvNK61i0K-qQ,DOWN,metal
UCXzV-iv6cbua5gTyv-vY3Tw,Absofacto,pop
UC2jRBmlh3zG1l2wPXRpA-zQ,Lykke Li,pop
UC9h4PGPRsxAJmYM84k55sDA,Az Chike,urban
UCFvA-BA1RCkRAoqED6iTfQA,goldtyphoonmusichk,pop
UC3_wlMNxKBG4c_P39zFH6Hw,KREAM,urban
UCr8NEWXyE_ZT_rdaRhYJFAA,Kazik,pop
UC5D88arpFur8ofARcvZM4XA,JFDR,rock
UCmZF52VN_BTyPeZXGJAy4TQ,oficialbelenmoreno,pop
UC9Pj95_teh76aFkE909z9lA,Suara Kayu Official,pop
UCqNIXmETKXFMjOeVaI9OVOw,Los Secretos,latin
UCkEbimXpxJ1E-q8VcV9S3tw,Trijntje Oosterhuis,pop
UCLN-YTnK_48R0ZikVjQs5jQ,CrossroadsGuitar,rock
UCOnQA6eEYbZciI33OX4sY9Q,NataszaUrbanska,pop
UC8nidfOKkcgpO6tfc9OSdBQ,OWSLA,dance
UCSLQKylf_bibeVwMnBO1MRg,All Time Low,pop
UCwz27-w-tKfggAAMHfPv87A,Sanna Nielsen,pop
UCAHVrt4GYU5lmFwJun1iSDA,Tegan and Sara,pop
UCUEbHDslJapXJqPNkVOI0ag,Harlem,rock
UCeXZ2XJVOPka_GiaFUdOLvA,Bleeding Gods,metal
UCoHwisHb57mjyyNz5pLB8tg,Léa Paci,pop
UCYoYzoVWJGImZdL1ctdPlHg,Thomas Official,pop
UCw7r-Mlc2hBm16k5Sw6rDUQ,MarieMaiOfficielFR,pop
UC64i_jBk-Z5M2L67X98-ReQ,Brandon Jenner,pop
UCm09uYWfEygr5gWjDm9xmUA,Rod Stewart,rock
UCP1b9jYyEqiNhJi4GqYdovw,Warner Music México,latin
UCTyhC0OHQrywY5RjqH9R62g,Paula Cendejas,urban
UCW5bPOVKOxDBNlIQBacw6Ow,The Amity Affliction,metal
UCPMprzST1CU3Y16lsyDeyzQ,Okta Logue,rock
UCbOmdGuNF-dUQsIN_BO9JTw,WOW TV,pop
UCBQZwaNPFfJ1gZ1fLZpAEGw,twenty one pilots,pop
UCMFxFeLXsjGPlS8toc2E2Lg,rickmoranisofficial,country
UCclTdPbe_ru5iXlUNdlxK5w,Theo Lawrence & The Hearts,rock
UCGa5NF8eodXO2wFYxDMDybg,Follow The Cipher,metal
UCFKyVAVtPSJymdix_938kUQ,Phox Phox,rock
UC4RyedH4mBf4AaWNLZVfLMQ,ONR.,rock
UCtoUQvukM3Vqqjk3pORmH5w,Pardison Fontaine,urban
UCnHYKgU2bwSMt4reSitcjWQ,TheFallOfTroy,metal
UCabu6ZGMTWDsYiTg2yOo3uA,EveryAvenue,rock
UCQ2UiNpRtGtT3lBGc6mW36Q,raphaelmusicofficiel,rock
UCPIfsVyVsdL_8pa_nurKypg,Marcin Rozynek,pop
UCXgSpd4h26yxronX0O4mXIg,Pastora Soler Catálogo,pop
UC7cdEBfqSfIH62arlTi0GEQ,Ohana Bam,urban
UCjX-A-sYXjfpQnx0zlACsRQ,State Radio,latin
UCScqhaGYlX98xPN7kwXtDkw,Shado Chris,urban
UCUNj6X343VRMSvsMlFJBhWw,DrFeelgoodofficial,rock
UC1PqLslajCKhn8--O5RR5_w,Goya,pop
UC_FhqjUyjKr-3s01TtonEsw,D.C.W.東城衞channel,rock
UCP5XBwxXHHD0vBoWp5WTO5A,Sophia Abino,pop
UCjIyFu2nFGZlpfF-LbBkZpg,Kojo Funds,urban
UCGESXaNIWbo7mJQ3PlzoL_A,Vita and the Woolf,pop
UCu3u8VDrmOTlTfeAMF9PLcA,burningofromemusic,rock
UCFj6i28BalvuUldLDbr6UWw,Leon Leiden,urban
UCj8sFiFmI7qCQzJWgUSwj-Q,Duncan Dhu,latin
UC8X8LkEuz6b-KaX-VxpXQAQ,Valient Thorr,metal
UCkza4xuP29vsusl14aGGXVA,WantingsMusic,pop
UCffTBYhHLSeIVOrR6ZihRzg,teamlovevids,rock
UC1eAVVv2tf6i8bnrhkXuU2Q,OCN,rock
UCUQjnttodxhUN-TE2MvkhEw,Pecker,pop
UCoOzY0feZINyEk5Nw2-VLwg,The Hollies,pop
UC7jb7qY6Q-5Dk0_on5dfONg,Icarus,dance
UCd1NmZhNCrMoncLFLbHKucg,Venus II,rock
UCv0k03065eZlMDR5oqgPnnQ,Kiko Rivera Oficial,pop
UCmajVHWDyvlGsNVZ9lT3q0Q,Kim Larsen,pop
UCIASqTLwiN5N9RY2f68DNPQ,Burning,metal
UC2bX23CInJ_BxPVQclwPFBg,MoMo,pop
UC0TobZSDyMaXaoVK_9TcPHA,Portugal. The Man,rock
UCR8rX9t3X9C-BwknWXR239g,downtownfiction,rock
UCQnrxwwa0iXFal_NxfzwkXg,Orson Wilds,rock
UCJfhiib6i5tVWVwEla-2K6w,Amir Hasan,pop
UCiVS01HGMikZd0zAxcRveww,Sara Marín,pop
UCYLa9q1huuWRP97-uZ6xV_w,Orry Jackson,pop
UC34wpCgr3l9cG0RtFdTTS-Q,Gojira,metal
UCilN_FtjmaACskVQ8ySElJA,ป๋อมแป๋ม ณิชาภัทร,pop
UCtUdfHiWA1s29AfIRTyhlug,Akhenaton,urban
UCvOYoFzpDzvWUqlpzR1AL2Q,soniamiki,pop
UC1HmBB2jzfVPAsEXDra4eoQ,Lesser Key,rock
UCWkBRcIJIJY4WxB3sW3Y6nA,Phil The Beat,pop
UCoWPcbkqIWosJZk6Netpibg,Yazoo / Yaz - Official,pop
UCEXumjxRVILZcSup2uXjvCw,Marcelo,pop
UCSDxDFY5HnZAQsE5D9ZsFzg,MoMo,pop
UCbKSnxLmORz0kUdILw6On1g,Marcell,pop
UCfLw-yks4g136XG3QKT1UTw,Andreas Moe,rock
UCdsgBD7n7tyBQTqpZssohiQ,MPokora,pop
UCVVzbw3BNaAOxbCIIQqRj5w,scarson45,rock
UCHxXS6EkA7wpKRr98E2dhhA,rikersmusic,rock
UCR4sr6yHN_lgs5ZJt3XRJkA,santogoldvideos,dance
UCSIx9lyXYVzSNFX5afgJabg,Herman Dune,rock
UCLL49Ren_KdYn21dCE7NRng,rychlí kluci,urban
UCGAhdgBimAyKGJMBFK4NEfg,Weston Burt,country
UC2bskCJnzDwoxyEbRXj4oBg,Boni Rocanrol,rock
UCwV26LFHrKA8-CmKOhc3ojQ,Bad Geckos,pop
UCai9Fo2Uj8qV6Sp97sE-DkQ,GeriHalliwellUK,pop
UC1R2bdOjUbZiUawf5b_LVHg,deanalexandermusic,country
UCdV4K0Yzdg5Uv1T8YgXBDoA,LinaKaro,pop
UCs97Psn1u1lJcLW2OP9OyrA,GIULIA BE.,pop
UCMpXThMkTIBu0Fpn8SXv4VA,SIKR,dance
UC8SP4fqoPpG5MHIHvvK72mg,VOXELofficial,urban
UCrQIYwlh7PTqBedJsS5UvMQ,morganevanstv,country
UCAeSmHGp5sf_4SyWb087Tow,Garaje Jack,rock
UC5yzXxPSZF511qvAQRG_I7A,Rolf Fjordvik,pop
UC8htQT3V-GdUTPFAKD4Avyw,Tereza Mašková Official ,pop
UCPqAhEF-PJ248gTaJBm9mPw,SLEEPWALKRS,dance
UClXta6rWNKUztBhBC9WLQGg,Nevo Angel,urban
UCDPM_n1atn2ijUwHd0NNRQw,Coldplay,rock
UCtYCWZHChPLekVxvWTuJ9gw,Riot V,metal
UCM10srINLaSQFrcDVmHV0gA,him,dance
UCGsPswmbpeuwn3owrqqbhJw,NervousRecordsNYC,urban
UC4nstdiM_MVHCvC1mYHE3Ew,taladpluontv,pop
UCJF0MASWYKOcY1DXsxA63yg,Medial Banana,pop
UCujKAgn-LnkF6gEEuOJdHHA,Gérard Manset Officiel,rock
UCeekxg1vju_sjIK9KjJJLYg,Papa Roach,rock
UClADD1Q5gb6oF1veGjEO77g,ADÉLA - official,pop
UC_7YZ0EBzDcXPNhC482NPNA,xxofMontrealxx,pop
UCCb-gNJVJlW3MUZU2N97KZw,planetph3,urban
UCWEtnEiVwUy7mwFeshyAWLA,RHINO,rock
UCe9GZ71MOPEs9b3I0fJYZgA,Madi Diaz,rock
UC2H0ZAFcaGkvgup1b2rr8Qg,Innertier,pop
UChVT3DCVgE-3aiAqbxYV1Ug,Fair Weather Friends,dance
UCOne-ZzghFhq3JDDmxMsNkw,jegerdaviddieu,urban
UC7lv9XTLLa3HCBmRTt0Gvnw,Dubstar,pop
UCEmEVtPXopGzzVrpmhCXqbg,Home-Sick,dance
UCme4_N86ALmx6zv4S1w3VHQ,sivilstatus,country
UCm_8DflK-Vl3a3n-gd_75uA,Ciro,urban
UC-AjTAjvp7J-_QQJSENeZcw,makeshiftprodigy,rock
UCKiTrdzRJHPcB1-0iTrbwkA,JAY1,urban
UCp-TO3d-bVBUXNw741Jpoag,Orē,urban
UCAb60rVrvVQVfSgrX1UWb0g,Fleetwood Mac,rock
UCWGGQw_iJ7F-7Jz6LrfdDRA,華星唱片 Capital Artists Official Channel,pop
UCW6dDNgf_2FAJOJ3RhasrIA,XavierWulf,urban
UC9eQx8uWm7R0WdndR6p5kQw,fritjof pikanen,urban
UCFYMDSW-BzeYZKFSxROw3Rg,The Living Tombstone,pop
UClAZyJT7MW3YGNyMftTto4w,Company Records,rock
UCYgJ2M1mq8Ae0QOm_VQU4VQ,The Doors,rock
UCQGihSx8kao0Xix08koIllQ,Georgi Kay,rock
UCc1ovgQn_hZFB-TypFOb8lg,Tarque Oficial,rock
UCpW8-XI3sVjLe9ADwoh8qiQ,Hyphen Hyphen,pop
UCDEW2psJxrMGqvjv-xTSspQ,Pokáčovo Kanál,pop
UC9nxc-xiH1AnL9RGstfgurg,Blake Shelton,country
UCXNtLQbLzr31-xARWCw3Vvg,VicentePalma,pop
UCtWBCzqucZXq0M8jsqunM0g,Alec Benjamin,pop
UC4a55_esP82yRhlzUrAKRtA,3JS,pop
UCoudsgL2L53Xs3tevwoWW4Q,Dwight Dissels,pop
UCTNkw5W1AgwzGAVNHx733vA,kuningasideayhtye,pop
UCWVBfvVTf3UrPA-z5gos60w,HUGEL,dance
UCXR82zHJ6FuWccQQqxtNHyw,TAYLA PARX,urban
UCmZzJZSp20EIolDL-EfnD6w,The Washboard Union,country
UCwXoqCy4Gf15M2j3wz4_uzQ,Adia Victoria,country
UCMJbPdetcLmF7euzH4uLCRQ,Honey Money Gang,pop
UCmfGbS-YboR4e67CIZhhKTA,Tony Banks,rock
UCk8rU9JZFxqMpAkOPP0Wu_g,Deadcultdiaries,rock
UCSGn8AjyJIBhpaSMRjR7ebw,thepinkertones,dance
UCQEIfqE3MnOyN9SCS8cHRWA,Sourceetc1,pop
UCn9W4PujTNjq4C_vlOgpyow,PetShopBoysParlophone,pop
UCFzupDSjmyNF_8kjh8aO6ow,Syd Barrett,rock
UC2XjCWiLxI7UCc1PPaQHNTA,manwithoutwax,rock
UCGY1ywgZ1FvUEVUc6zTZmkA,mastodonthehunter,metal
UCA1IwyTJWR3Gp0Tvz4jCp3A,XXANAXX,rock
UCv5emLGrYcQAmbpeFVlzjdg,Warner Records Vault,rock
UCYwDm_-HHq-cq3YKvpeX7Pg,Nobrvnd,urban
UCwiU5L-YUj7AWVAmWHx0K-A,Clouseau,pop
UCNQa79970Y0E8UhMFK0T2SQ,MarÃ­a Isabel,pop
UCED3LKZLWAy193swHjcgDUQ,DeadBySunriseTV,rock
UC5YACGHw-FJ_1IXme9Z-vlg,Benni Sparks,dance
UC9wvnHwKWvE_unCTf1eLKHw,Johnny Hallyday Officiel,rock
UCgiqxI1Dm8FpX0jW29cj-8Q,Tommy,urban
UC24QDGhcpEeKTtEDYSXflMg,Kylie Minogue,pop
UCJrcscyNYXfspnMi6KscZSA,Marie Fredriksson,pop
UC2j95Yd08yQibgMcPXYl8VA,Carlos Vara,pop
UC-htj9-fqxZVtlD5VVmgmTw,ChanWingHim陳詠謙,pop
UCaf9TjqrkYQnd3h15n582IQ,Shoneyin,urban
UCePWSQHSdXqzQlzyJfwY1Jg,Vũ Official ,pop
UCQieqLwBvXxgv9IKxDeW9zg,thomstonmusic,pop
UCpmhYu92ybB3sP8agrxR6QA,BLANKTS,pop
UCHsSqqj7NDH9I5_6TQiJ6vw,GNR,rock
UCftIqqhrClqSk3MxxZeBx7A,CheriDennisTV,urban
UCoppuO27dFlOOjfYg2cq1Ng,SidneyPolak,pop
UCjaGoLLtbFLH8Nl10lydhlQ,Alvarez Kings,rock
UCiVbVqViW1L0UAjXTZJMgwQ,Khushi,rock
UCrNEfoYeQEf-WxZpsFIpcLA,Frankie Morland,pop
UCa69AU7FrlpkuYbJSRAKA_w,TocoParaVos,pop
UCzJGJYhHgcNvBoB06DfFRIQ,MiriamBryant,pop
UCWWZivJmJJzJGdLI8KeZpjA,Bastard!,dance
UCo4OGlYPNpxPvImVmT_Xfzg,Mike Campbell,rock
UCrUlt5TwS6OUD8xpC36EBvw,We Are Kids United,pop
UCW2D8YiBtwhNslRFKTr9Axw,H O N N E,dance
UCCmXcYtA4T9wxc3vmbGFxRA,MCDAVO,urban
UCp6p4QMnrhszX8rhzgy_q2Q,かまってチャンネル【公式】 ,pop
UCueIHzorkCaR8-302Q_Gfqw,Malia Civetz,pop
UC-Ux9bjrAtuMMvZbbtqK19w,Bassam officiel,dance
UClQeDT2awEJb7Hu2PLsPvzg,TegoCalderonOficial,latin
UCkWBtWWMANvzQI2Lcsnukiw,thejanedeargirls,country
UCNFOCainfQUP0PE2O--j2LQ,PliesWorld,urban
UC_paE0Wq6dXxanGGtgHkiFQ,Melindo Records,pop
UCULf4XCNKB918Nzn46Cm_vA,Katarzyna Pietras,pop
UCScwzf7hG0FnN8ZFzmOjLxg,ChristinaParie,pop
UCApPFD2lkTNTHhQJsqpp3xg,Jacob Plant,dance
UCVOdT_BwuAbGsC0YjQwOoYg,rrtfb,country
UC4ZFn6TUncwPA0UI819Q3JA,saintmotelvideo,pop
UC11VbLKq0ojQ2N-B2Q5m4mA,La Naranja Blossom,rock
UCs1qD5IhqZGh8JUfJMc3Fwg,The Hmmms,pop
UCF7GJjNPB2R_1yGTpIB45jg,Motor Ace Official,rock
UCiS6lByEku_8t8eynNFy-4g,Cate Likes Candy,rock
UCn4ZQ84q-eBbGRUg60At0SQ,ATARI WU,dance
UCIzqmACj6KMcuy0Q06OShcA,Blackfield,rock
UCxq8iLGcQHZPBB2AcWcVh9A,IZAmusic,urban
UCA0_DhKu4732IFjKK4OFVbg,vanilasmusic,pop
UCNlisYk2pbTPSejFqEX0YrQ,Myslovitz,rock
UCr0-gGexvhqXnfNnD1HJCmA,Sandra Bruman,pop
UCygCLsD8jkys_WfVQdhS-KA,TheRightOnsOfficial,rock
UCZ7xwOk5EoC7doN58MQTYsw,Stone Temple Pilots,rock
UC8EgZ1xm4ZFGbt-I0_qlWSQ,The Weepies,rock
UCN5YtRZSu6NFeNKMSQDdMlQ,Marillion,rock
UCp6Rugkg2-yKf50HwtsXsUg,Spinnin' Talent Pool,dance
UCUlYVio1_3uEiTKvhWoq2uQ,Jean-Louis Murat,rock
UChA6VTqciHcYoZxo6R2ESnA,Shooter Jennings,country
UC55F9Nbp6PdURfWobSARxVw,TheVersesMusic,rock
UCXWiKXUu5jGMtcZG3tZYHcA,Antonio Rey,latin
UCBxIPQKReItXWeCqzLzkEGA,Tal Official,pop
UCCXvgrT_uWTvmYwp47lX1mg,Paradize,urban
UC51BZb8LNZW5Sp2ZBirudSg,Bruda,urban
UCRg-hubwld8BEc8Afhn305w,Violents,rock
UC3zY--b8e61Os7LA_vMN25A,VinoPLVEVO,rock
UC_fGK_FJk3vg8V5MVtFXmog,ReN,urban
UCo2fxh7Y0qRdmcZ2qIZ_RTw,Roger Mooking,urban
UCeuZSIikkhiagrFxPJcZ8Bw,Art Of Noise,dance
UCuJLOUiC0IOzoPqvYpf_Pag,Leading Ladies,pop
UCqm2qGjvhw-smS9ONDEn7Fg,Sentidos Opuestos,latin
UC_8nqHZ6PFmjyCpz46Weaxg,mattdukemusic,rock
UCNSfONc2U1BfGV-gIF3ChcA,OC AD,urban
UCOQtOwoXZl76UrVN7pqNfHg,luarnalubre,pop
UCu3XWT_2BMOI69unS2iIBkA,Loso Loaded,urban
UCLMNBVf8so0SbjSeGjxLiOA,Vivi K,pop
UC3PeG6n4MjmhXHjig9np3dA,Revolver,latin
UCEqpHhAN-jdhA6F1Lecd5wg,theswellers,rock
UCtgmOwlyJ0tqz5rrThkjUYg,EVOREVO,dance
UCoNhWLip9Q3NFCDCEtIOLKQ,Heavenstamp,rock
UCh9l0j4KpQczQtNDrZlCJqA,Eagle and the Worm,rock
UC6ZBO3cPNkToPCx5jaoFDzQ,Marlon Oficial,latin
UC3GWgP_PHnsBgIOSsL-Pxqw,Emma Drobná,pop
UCNRYHxv-IKes0nthdfWYNhA,2feetmusic,rock
UCBoTSoL-oglOocfmXEQv8pA,Operatorvideos,metal
UCbu8lQY-MwFNxXHq-q88cIA,Broken World Media,rock
UC3qvvxActLvR87qhM4fbg2Q,The Winking Owl,pop
UCxiyzbjzA6IlV0ROt1GXsRg,joanofarcband,rock
UCIVROfF-b3Wjpk-G1-_ulFw,Billy Talent,metal
UCaYT1AshD7DXrYngBfYjFLA,Kazadi,pop
UC4a3_El94ZJCYZ-QlTuGB7w,grapejuicerecords,rock
UC_oP9EI_H0Fz5mborGXBAiQ,Flavio,pop
UCxpphCszc7JOd8yII2NY-_Q,PonderosaVideo,rock
UCNqqeUSpNXMTWsE0VNGIm2g,Heartist,metal
UCoIhmmonW2dvhlfaHotzsew,KabátTV,rock
UC8112rL9OPORK5ZstuHDrNg,Muniek,rock
UC8gbK8uoqKhlACSeenUPkFQ,neilyoungchannel,rock
UC2q3cOqytgIRDz7Rat8iM1w,The Wild Beyond,rock
UCLpOiHPOitascuyfxt7A-9A,Giovanni James,dance
UCSaqZfWk95MtBuX1mV9hYQw,Midge Ure Orchestrated,pop
UCzIbZKWAK8LzeG6JnsZbv5A,BOYS WORLD,pop
UCFffQdR3wcB_lO5K2r2jphA,NINA SKY,urban
UC2qqSvlpGXXk6Y6-vkaR-rg,KOSTROK Catálogo,dance
UC1veizWI1JKS-OGkysw6v5A,CowgirlsTV,rock
UCGJ5iXR7Y-RvWLCzlVRgv8g,Larry Gatlin,country
UCBGCbkljFbQHm_8w8HFWAKA,B-52s Videos,dance
UC9qDclpoGtztMnaTMM_a4CA,Jenny Lewis,rock
UCEzDdNqNkT-7rSfSGSr1hWg,Burna Boy,urban
UC4UQFLK99sYuG1b8oRd5BvQ,Trivium,metal
UCdMRUaySf3cT27DDC6s2JKQ,Malu Trevejo,pop
UCYNECNTatn3pyhGOdCT-MvQ,Alex Germys,dance
UCpCaouuN4QSTqggIhTyB8KQ,Crankdat,dance
UCqurrJxBoBeBmcqRbIBwbJw,Prelow,pop
UCuTXXAzN-uOQpU9NA-E0kbw,Silas Bjerregaard,pop
UCIXJYY5zQusztPhXqnzlBHw,PLAYLISTYOU LATIN,latin
UCuZ-3S-sYojFwsolvH3UisA,nicozuviria,pop
UCKjGFWtm8Z_ANK_ejXH0kuA,The Abrams,country
UCiyGKNCvFvWldieKA4dQ3zw,Das Pop,rock
UC1HcEUox5K31Zs7jdDcCfIw,Mess of Wires,rock
UCcKWrXwXLJJ2pcJeclFEjnw,DocuDynamics,latin
UCt3XspKWeV4R_dGa-jWVdEg,Darline,pop
UCxm11rMvAIGSBTST_Lsxp-Q,Post Animal,rock
UClPB8yKfVZVk79Lv5GsQHPg,Mirosław Czyżykiewicz,pop
UClc5Eis2-L2JCcN62jmD21w,Ciara,pop
UCm1s2VS9BdyXL9FU4a-W_cQ,Nipsey Hussle,urban
UCyiF87k7RmDIa6BZQHlz97g,India Martínez Catálogo,latin
UCWjbtqwzKQ0WOG_hKMncF3g,WatchTheLonelyForest,rock
UCi9UaJYgO-dc0aiiRWDAakA,Sam Hatmaker,country
UCT3LN2SeSHEEWOGGeU_5vag,Kita Alexander,dance
UCp73ffsOnfY0RZtD3q1HeEw,Dyme-A-Duzin,urban
UCsfv4IrL5Xm0bj9HCWiYKYQ,DropKidOfficial,urban
UCaP-W0X3rp3U1lMedCHybtQ,Ashley McBryde,country
UCOg9jPWX9820Ipd1e__nZeg,DeathByStereoband,metal
UCTPGPRQWdzovgBgcOYIsyXw,OficialAlbertucho,rock
UCJLD33K474ja0jSpuOzMjGA,Neon Trees,rock
UCZ3vZfgvGSw_RtxQHmq_l9w,WhoHurtYou,pop
UCEGJixZ73Cw3Kjy5fWODD3A,splashhband,rock
UCWoybbeuxa4Ig5pfWIu2Abw,Johnson,pop
UCa-xU6FTqf76tL6Iu7kOe7Q,RAES,pop
UClRWQyQlfTiafuRZZ0U8J-Q,Ferret Music,metal
UCjmgpU9OZwB1SZdzg5ngSDg,MemoriaDePezTV,pop
UCjEMe7t4p5YPXqqXRt6h7eA,There Is No Mountain,rock
UC5-gWZXAQqSGVfPHkA7NRiQ,Bebe Rexha,pop
UCihfR9bbPcwuMS5Y7Uxc5dw,JayDaYoungan •,urban
UClxL3F6F_PAODV_Zkf8nYiQ,Nathan Wiley,pop
UCZhj-UBDbvhXFEPUNXTb9-w,Vic Mirallas,urban
UCY8XzgmPflzpZEFczdGeIFA,JOE GIFTED,urban
UCW69xyNzQzvCNJ2_vyw8ZiQ,onlyILON,pop
UCOUV9PcN3V2B47blEoT1zeQ,Nik & Jay,pop
UCNeW8fX9JEyHvZBYI4WDQ3Q,Taya,urban
UCvl3m1KCm3JCk9uYSvRcRLQ,Studio Caffe,pop
UCHpXxvLVYtGoFLgj-tmgE3A,Louisy Joseph Officiel,pop
UCqVbgXJ9HNWUjT_ChZRSe5w,Roadrunner Canada,metal
UCarNrkLZREWeBw49EId_SDQ,Jamie,pop
UC6rZM25HJGKrylQlKrFYh9w,TheBlackLips,rock
UCinZCCF3IEnIqu1TrVI63UQ,Cyndi Lauper,pop
UC95Qg-xb1eN4dv7bVA6xmeA,Talk Talk band,rock
UCCfKVjtb-x0RuI37yOJnXLQ,SEA,rock
UCIfoB77y20QeFq0aFoOZK6A,coreyhartofficial,pop
UCuWg5vxusYL48_bUDuG04tg,Raya Real,latin
UCxKITjGwUMNSUvlBa9Rdrzg,DavidCavazosOficial,pop
UCUaRrYUIJWOEvJU539e_HwQ,Perfect,rock
UCho87itAnvA8VH-B39AvHdw,Stu Larsen,rock
UC_u6lT3KKqi-G6dxbUcpSEQ,EskimoJoeMusic,rock
UCgJMQU7JOIoP-YnrhH_P-bA,Why Don't We,pop
UCcu_7xdBj7XdNDBCCXhP8gw,iam perto,dance
UCEw-QL-G_SJhfaupB0WKMMw,Cashflow ENT,urban
UC2FyrZlHJt7Al48h_99SGJA,Piotr Zioła,rock
UC6lhmm819Eun89ZAE-W4l3A,Koblížc!,pop
UC6OXwgKH_Uw9z_nYzIw1Sug,Gonçalo Guerra,pop
UCv9bnG14QgGhDOW_XJtDZ2w,oldcrowvideos,country
UCtxLb_Phhs24njb6sgvKWDA,Bajm,pop
UCuBdv66Svl2XFqjxz3R8wHA,PattyTV,pop
UChcrhsMDYCTf8tcMwn2K5-w,Amir,urban
UClr_zK3P0GVbA_C-4093niw,Anton Official,pop
UCFwM7mqRJQltXEduilGLHYg,Alvvays A,pop
UCwp9lm0va87m8PiH_LvAFGw,Hopium,pop
UC3UzB1FK530U8mlB87jajaA,Pareslow,dance
UCCKVsIqMUuWKsU8BGUnE51A,Kayliahofficiel,urban
UCrgWiquB-NYsL3O6D-Lm9_A,Faith Hill,country
UCkw3Wx_MKegD3Jm0hL0X6XA,Peso Da Mafia,urban
UCaC6MYiWVx4oVNLE1FxvEmg,Ben Chandler,pop
UCNDv67gnz57BqtbNO8fYouA,My Life As Ali Thomas,rock
UCvE9U8758ox_muk2_lhHzKQ,EWELINA LISOWSKA OFFICIAL,pop
UCrel63rCXl9evptflnKbPcQ,Alexandra TV,pop
UCyCJIAc8PmAspEy0dbco8eA,Glitch Gyals,pop
UCdC1BdlCfIBgBhjN_yUbL_g,Bohema,pop
UCamMhSytMm91EJthLlq7AMA,NewBoyzTV,urban
UCSKMuccyu8KTXCwRyicA_XA,thepissedjeans,metal
UCF2FLRdp7sG7VlHPZ_SN3wQ,Drew Sycamore,pop
UCjW2tC5sPxJhHIOCG-nMyDA,hitsandboys,pop
UCtTFym1Wq_4OWcm9YJSPw1A,Sôber,rock
UCueyXRvwZy-kOgQ4iQ6k9Aw,hardfitv,rock
UCyBggvUMg-gM1XCSKT1wbQQ,Glitterbox,dance
UClo_l-QkSM8th3WaUiDjisg,Jack Gray,dance
UCf2su0Eljvo9Uya9Ha1bhsA,Pa Salieu,urban
UCkQwWeAJQ0ET787-nNC70PA,Edi Casabella,urban
UCK2a80QPFt-gXrkD0lkQXQA,gosslingmusic,pop
UCVnuykyr2bytPGEaSLSfxcg,Show,country
UCGW91-ExDG5HolRaK59L6ng,Rondodasosa,urban
UC5r25vHHPqBUhNa358-2caQ,Avonlea,pop
UCbGkxRgcnFTNNh3FDJOoJHA,Ronghao Li's Official Channel李榮浩官方專屬頻道,pop
UC3vULc6NgmB8TT4qo6ENTgw,David Flama Oficial,pop
UCHu-c0aQ5GZT_jytQZvCoUw,Roman Tomeš,pop
UCoRUmyNL8KEYftmxRA2n3SQ,Kelly Clarkson,pop
UC0ixS0vQvu2oskzHdmjoadw,Anteros Official,rock
UCdb-Qrty_qmM0jNX7lttW2w,Good Old War,rock
UCkd5zaLO84p9BIW5yZnbtIQ,Triggerfinger,rock
UCNatCkiamAkinKWB25fUAmQ,Sianna Officiel,urban
UCt27MCKTkEqDyKQxRiimL5Q,Gerard Way,pop
UC8JETzqWNyTnAtwaq0_dl9A,Schlager für Alle,pop
UCPgBq_PZP-_mvz6xuPyTRMw,rykodisc,rock
UCY4OcRVRxoyfu0Y1sZgiufQ,Mr. Majoe,urban
UC1qcacefLefHvmNNlZeRynA,Xink,pop
UC1sdELOO1CKDJBOJlFtXBVg,belly,urban
UCvxu4PXbmxL7VrtpbSETURg,lafuga,rock
UCFJWnOaQ2jT-dzC5AGHfU2Q,Postgirobygget,pop
UCC4vxWpMSKdJlUBC9Lw93Tg,Echo & the Bunnymen Videos,rock
UCFZeqNrsp-RjfrgOKkVZm1w,Scar The Martyr,metal
UCPmOFVAeEskSYbVd8dVCq8g,Kaneki Officiel,urban
UC3R5UkoYFxLC37ek0YRkrDw,Jamie Lawson,rock
UCw22kktxsSIwZs1NkVWhyZA,FuneralTube,metal
UCV2qJkJjRLYCtO1iXNxAlDQ,Danger Mouse,rock
UCfSh6YPv5qf8p2QI-Q9k1QA,baxterdury,rock
UCuHOF18dKq6bl3Sr1Go6VLQ,Navii Officiel,pop
UCzXuo8PGa4AK3Pqj4iIF93A,Iggy Pop,rock
UCtqQTkNEmCL3Dn1CQ6LZjZw,Jak Lizard,pop
UC1ZB-YzrmN2gw-wM5uybFrw,Nubes de Malta,pop
UCoNhzD91NebOfKqc0KEZ_Qw,Robyn Ottolini,country
UCSugZEYrWbzqIWGD195V-YA,OfficialGucciMane,urban
UCGP155PgD2D9tG8s1SEABnw,TheColorGrey,urban
UCXQwejZp8YMTXn5yH0rZp_A,COLOR CREATION,pop
UCGyTHChIrC1PDTjs2lr_v3w,Erann DD,pop
UCfQKBWPoLXnP0gnnyTTN2Wg,caitlincrosby,pop
UCpbKDbFjkfkqyDeEDmrLF3Q,Sara Evans,country
UCaH7BKgTTW5WIM8wFm2dlSA,Martine McCutcheon,dance
UCq50wgcgnV72Nd4ioxLAVEg,livetuneplusChannel,pop
UCWY75uWazCXwtobPO232qAA,Treize Block,urban
UCx7ARlfVHAGs2Qny_RvJbjw,Asco,urban
UCBOyyqXdux-l7Q5bx8mvRxg,KRIT Eighth Floor,rock
UCiVLSJ2MpNteP1oLYfu0VTw,Omar Apollo,pop
UCyIU6uSJVxLnlbV1l_PrvSA,UM44k,dance
UCiNhPakx9VPiWHrRVk1jPQA,Silversun Pickups,metal
UCpo-kpPMRkTzoMK31LgRPmg,Chanceko,urban
UCF2z_ZFQdouHeQlVqPKPLWQ,ABIR,pop
UCpqkfDglatZKrpVrgWiUtGw,Chanti Darling Official,urban
UCkV5xKZTOtQ2N_aIMRLJR1Q,Mike + The Mechanics,rock
UCAWcTQlPfFaoZSVLiK8afOg,SundanceMusicChannel,rock
UC6voWVsvNB6eEAffBRjikiA,Roadrunner Records Italy,metal
UCLteo8WLkQSuQhBOuD5HOZQ,NameThePet,pop
UC2gMECGMn5TVbRN5S5tKb8Q,Christina Perri,pop
UCTaGAZrJk6Y5QtafxAXKK1g,Jaydee,dance
UCoQJcz3rOY-CbzM-t4CRioQ,A R I Z O N A,pop
UCU5-gTdEOOrRShhRjUHyY9g,Mikko Harju,pop
UCXPNfRD_NtY_7F9ZBUy_3Rw,lek carabao,country
UC11pqmcvi8f6GdntAcvA7dg,Yamaha Entertainment Group,pop
UCODetjdmLtRqeT0c_hvqyVw,MadalenaTV,pop
UCOzAHnYUNftl7OXW5KAU2EQ,castofficial,rock
UCayA0Z534jVutFaUeQ8AbTg,tigertownband,rock
UCdvVM4jBnmAfvdFTrFHztiw,daathmusic,metal
UCdWWMWdMyzheIyRsMxwbVEQ,DADARAY,urban
UCX4hKNlViKmjLJhZcd6CkOA,Liberator,latin
UCxEbyGgpkDAgmidshWMZXiA,NovembersDoom1989,metal
UCSuEx43CkHhw1NldDxLxB9Q,DIAA Indonesia,pop
UCVWcLFr8a-ZsobHlVZPKCDA,Akon,pop
UClHlt_Fl6LeyummgDk7-BVw,Wiktoria,pop
UCBUEnHKNLuoZgYExM0CbJdQ,Harrison Brome,urban
UCVV0m2FyZcOVIxWvycEhVVA,Nick Bonin,rock
UCOa160TMShGFq0C0eNNHTmQ,Together Pangea,rock
UCr4ub8Buon9OO565g5IsaMA,JUDE曾若華,pop
UCuzQ80bq1o0d20Dn70j4xsA,showmethemoneydj,dance
UCJ16f9U5vAqK0H_XxnA03QA,drjohn,urban
UCamXysYHSo5ni82XjrlI7Mg,Whoa Music,urban
UCLM67XLcvP74yKksJOVb9wQ,DYLYN,rock
UCactROsC5RQMUQku8E2xGGA,Kinetic,dance
UCBDbvGJCXEffPNh7RyMYTGQ,TheSSLYBY,pop
UCO4idQrqeagVzzvl8v5h5Ag,Carl Noren,pop
UCHQzyxUB4CzJ6j_5Qggqb9w,MrSoundGr,urban
UC1tTNrhhmueBLmaSIH10Z4A,All The Young,rock
UCnULPlEo9YWkhGR9kWaQYww,Doobie Brothers,rock
UCk4R6XW6Wcl3TQFLlvr28Yw,Allielofficiel,pop
UCJnw4bTwCbEyw8Q_VDHIgqg,TeaVirallinen,pop
UC7N12swobgpECWEjhi4zm0w,thecabriolets,rock
UCpwZ4mD9ZI-6-I6zb32n6eA,Dominique A,rock
UCKb-QotIdnfF9Lgm6sG3CbQ,brandyandrayjmusic,urban
UC6DEW8WJAz1T-qESPDfooRQ,Marc Seguí,pop
UCwld2avTZl_nxG2zOz0_Ihw,JJ Shiplett,country
UCmlj__nBD3bd_ypnRNVu2gw,superreyesoficial,pop
UCJePQ8lQi2HKNfnvwMmXhmQ,Highly Contrasting,dance
